{"cameraMode":{"drawMode":0,"name":"Shaded","section":"Shading Mode"},"sceneLighting":true,"audioPlay":false,"sceneViewState":{"m_AlwaysRefresh":false,"showFog":true,"showSkybox":true,"showFlares":true,"showImageEffects":true,"showParticleSystems":true,"showVisualEffectGraphs":true,"m_FxEnabled":true},"in2DMode":false,"pivot":{"x":-0.3688519299030304,"y":0.22576439380645753,"z":0.05251729488372803},"rotation":{"x":-0.042051661759614947,"y":0.9575672745704651,"z":-0.21494489908218385,"w":-0.18733778595924378},"size":3.717151403427124,"orthographic":false}